24,26,0,24 Mr 2018 21:20:18
24,26,0,24 Mr 2018 21:20:20
26,26,0,24 Mr 2018 21:20:22
26,26,0,24 Mr 2018 21:20:25
27,26,0,24 Mr 2018 21:20:27
28,26,0,24 Mr 2018 21:20:29
28,26,0,24 Mr 2018 21:20:31
28,26,0,24 Mr 2018 21:20:33
28,25,0,24 Mr 2018 21:20:35
28,25,1,24 Mr 2018 21:20:37
28,25,1,24 Mr 2018 21:20:39
27,25,1,24 Mr 2018 21:20:42
27,25,2,24 Mr 2018 21:20:44
27,25,2,24 Mr 2018 21:20:46
26,25,2,24 Mr 2018 21:20:48
25,25,2,24 Mr 2018 21:20:50
25,25,2,24 Mr 2018 21:20:52
24,25,3,24 Mr 2018 21:20:54
20,25,3,24 Mr 2018 21:20:56
20,25,3,24 Mr 2018 21:20:59